Modelo,RMSE_Train,RMSE_Test,MAE_Test,R2_Train,R2_Test,Overfit
4: RANDOM FOREST,11537.705499812644,10804.728805552515,2206.1734309554213,0.31379788215420024,0.07735178348037897,0.23644609867382127
2: RIDGE REGRESSION (L2),13779.252689945764,11145.977863005657,2300.3640290629087,0.02126643071687917,0.018150874928592242,0.003115555788286928
1: LINEAR REGRESSION (Baseline),13776.179517281533,11156.898429346184,2322.2876515290377,0.021702953930895608,0.016225947140160457,0.0054770067907351505
7: NEURAL NETWORK,13854.773111016515,11186.206791549148,2104.242810577593,0.010508674045126565,0.011050552330509555,-0.0005418782853829907
6: XGBoost ⭐,5073.853565092316,11211.315712261428,2691.910400390625,0.8672944903373718,0.006605923175811768,0.8606885671615601
5: GRADIENT BOOSTING,7720.466130758945,11678.437908795793,2563.641185197029,0.6927441223350367,-0.0778986232457195,0.7706427455807562
3: DECISION TREE,12792.765741754009,12675.615695304337,2491.5402649245184,0.1563893576383366,-0.26983277520638294,0.42622213284471955
